{
	"credit": "Made with Blockbench",
	"textures": {
		"0": "botsmod:blocks/heat_capacitor",
		"particle": "botsmod:blocks/heat_capacitor"
	},
	"gui_light": "side",
	"display": {
		"gui": {
			"rotation": [ 30, 225, 0 ],
			"translation": [ 0, 0, 0],
			"scale":[ 0.625, 0.625, 0.625 ]
		},
		"ground": {
			"rotation": [ 0, 0, 0 ],
			"translation": [ 0, 3, 0],
			"scale":[ 0.25, 0.25, 0.25 ]
		},
		"fixed": {
			"rotation": [ 0, 0, 0 ],
			"translation": [ 0, 0, 0],
			"scale":[ 0.5, 0.5, 0.5 ]
		},
		"thirdperson_righthand": {
			"rotation": [ 75, 45, 0 ],
			"translation": [ 0, 2.5, 0],
			"scale": [ 0.375, 0.375, 0.375 ]
		},
		"firstperson_righthand": {
			"rotation": [ 0, 45, 0 ],
			"translation": [ 0, 0, 0 ],
			"scale": [ 0.40, 0.40, 0.40 ]
		},
		"firstperson_lefthand": {
			"rotation": [ 0, 225, 0 ],
			"translation": [ 0, 0, 0 ],
			"scale": [ 0.40, 0.40, 0.40 ]
		}},
	"elements": [
		{
			"from": [0, 0, 0],
			"to": [16, 4, 16],
			"faces": {
				"north": {"uv": [5.33333, 14.66667, 10.66667, 16], "texture": "#0"},
				"east": {"uv": [5.33333, 14.66667, 10.66667, 16], "texture": "#0"},
				"south": {"uv": [5.33333, 14.66667, 10.66667, 16], "texture": "#0"},
				"west": {"uv": [5.33333, 14.66667, 10.66667, 16], "texture": "#0"},
				"up": {"uv": [10.66667, 10.66667, 16, 16], "texture": "#0"},
				"down": {"uv": [10.66667, 10.66667, 16, 16], "texture": "#0"}
			}
		},
		{
			"from": [1, 4, 1],
			"to": [15, 11, 15],
			"faces": {
				"north": {"uv": [5.66667, 12.33333, 10.33333, 14.66667], "texture": "#0"},
				"east": {"uv": [5.66667, 12.33333, 10.33333, 14.66667], "texture": "#0"},
				"south": {"uv": [5.66667, 12.33333, 10.33333, 14.66667], "texture": "#0"},
				"west": {"uv": [5.66667, 12.33333, 10.33333, 14.66667], "texture": "#0"},
				"up": {"uv": [11, 11, 15.66667, 15.66667], "texture": "#0"},
				"down": {"uv": [11, 11, 15.66667, 15.66667], "texture": "#0"}
			}
		},
		{
			"from": [0, 11, 0],
			"to": [16, 15, 16],
			"faces": {
				"north": {"uv": [5.33333, 11, 10.66667, 12.33333], "texture": "#0"},
				"east": {"uv": [5.33333, 11, 10.66667, 12.33333], "texture": "#0"},
				"south": {"uv": [5.33333, 11, 10.66667, 12.33333], "texture": "#0"},
				"west": {"uv": [5.33333, 11, 10.66667, 12.33333], "texture": "#0"},
				"up": {"uv": [10.66667, 10.66667, 16, 16], "texture": "#0"},
				"down": {"uv": [10.66667, 10.66667, 16, 16], "texture": "#0"}
			}
		},
		{
			"from": [6, 4, 14.75],
			"to": [10, 11, 15.75],
			"faces": {
				"north": {"uv": [0, 0, 4, 7], "texture": "#0"},
				"east": {"uv": [7.33333, 12.33333, 7.66667, 14.66667], "texture": "#0"},
				"south": {"uv": [7.33333, 12.33333, 8.66667, 14.66667], "texture": "#0"},
				"west": {"uv": [7.33333, 12.33333, 7.66667, 14.66667], "texture": "#0"},
				"up": {"uv": [7.33333, 12.33333, 8.66667, 12.66667], "texture": "#0"},
				"down": {"uv": [7.33333, 12.33333, 8.66667, 12.66667], "texture": "#0"}
			}
		},
		{
			"from": [6, 4, 0.5],
			"to": [10, 11, 1.5],
			"faces": {
				"north": {"uv": [7.33333, 12.33333, 8.66667, 14.66667], "texture": "#0"},
				"east": {"uv": [7.33333, 12.33333, 7.66667, 14.66667], "texture": "#0"},
				"south": {"uv": [0, 0, 4, 7], "texture": "#0"},
				"west": {"uv": [7.33333, 12.33333, 7.66667, 14.66667], "texture": "#0"},
				"up": {"uv": [7.33333, 12.33333, 8.66667, 12.66667], "texture": "#0"},
				"down": {"uv": [7.33333, 12.33333, 8.66667, 12.66667], "texture": "#0"}
			}
		},
		{
			"from": [0.25, 4, 6],
			"to": [1.25, 11, 10],
			"faces": {
				"north": {"uv": [7.33333, 12.33333, 7.66667, 14.66667], "texture": "#0"},
				"east": {"uv": [7.33333, 12.33333, 8.66667, 14.66667], "texture": "#0"},
				"south": {"uv": [7.33333, 12.33333, 7.66667, 14.66667], "texture": "#0"},
				"west": {"uv": [7.33333, 12.33333, 8.66667, 14.66667], "texture": "#0"},
				"up": {"uv": [7.33333, 12.33333, 8.66667, 12.66667], "texture": "#0"},
				"down": {"uv": [7.33333, 12.33333, 8.66667, 12.66667], "texture": "#0"}
			}
		},
		{
			"from": [14.75, 4, 6],
			"to": [15.75, 11, 10],
			"faces": {
				"north": {"uv": [7.33333, 12.33333, 7.66667, 14.66667], "texture": "#0"},
				"east": {"uv": [7.33333, 12.33333, 8.66667, 14.66667], "texture": "#0"},
				"south": {"uv": [7.33333, 12.33333, 7.66667, 14.66667], "texture": "#0"},
				"west": {"uv": [0, 0, 4, 7], "texture": "#0"},
				"up": {"uv": [7.33333, 12.33333, 8.66667, 12.66667], "texture": "#0"},
				"down": {"uv": [7.33333, 12.33333, 8.66667, 12.66667], "texture": "#0"}
			}
		},
		{
			"from": [1, 15, 9],
			"to": [7, 16, 15],
			"faces": {
				"north": {"uv": [8.33333, 10.66667, 10.33333, 11], "texture": "#0"},
				"east": {"uv": [8.33333, 10.66667, 10.33333, 11], "texture": "#0"},
				"south": {"uv": [8.33333, 10.66667, 10.33333, 11], "texture": "#0"},
				"west": {"uv": [8.33333, 10.66667, 10.33333, 11], "texture": "#0"},
				"up": {"uv": [8.33333, 8.33333, 10.33333, 10.33333], "texture": "#0"},
				"down": {"uv": [8.33333, 8.33333, 10.33333, 10.33333], "texture": "#0"}
			}
		},
		{
			"from": [9, 15, 9],
			"to": [15, 16, 15],
			"faces": {
				"north": {"uv": [8.33333, 10.66667, 10.33333, 11], "texture": "#0"},
				"east": {"uv": [8.33333, 10.66667, 10.33333, 11], "texture": "#0"},
				"south": {"uv": [8.33333, 10.66667, 10.33333, 11], "texture": "#0"},
				"west": {"uv": [8.33333, 10.66667, 10.33333, 11], "texture": "#0"},
				"up": {"uv": [8.33333, 8.33333, 10.33333, 10.33333], "texture": "#0"},
				"down": {"uv": [8.33333, 8.33333, 10.33333, 10.33333], "texture": "#0"}
			}
		},
		{
			"from": [9, 15, 1],
			"to": [15, 16, 7],
			"faces": {
				"north": {"uv": [8.33333, 10.66667, 10.33333, 11], "texture": "#0"},
				"east": {"uv": [8.33333, 10.66667, 10.33333, 11], "texture": "#0"},
				"south": {"uv": [8.33333, 10.66667, 10.33333, 11], "texture": "#0"},
				"west": {"uv": [8.33333, 10.66667, 10.33333, 11], "texture": "#0"},
				"up": {"uv": [8.33333, 8.33333, 10.33333, 10.33333], "texture": "#0"},
				"down": {"uv": [8.33333, 8.33333, 10.33333, 10.33333], "texture": "#0"}
			}
		},
		{
			"from": [1, 15, 1],
			"to": [7, 16, 7],
			"faces": {
				"north": {"uv": [8.33333, 10.66667, 10.33333, 11], "texture": "#0"},
				"east": {"uv": [8.33333, 10.66667, 10.33333, 11], "texture": "#0"},
				"south": {"uv": [8.33333, 10.66667, 10.33333, 11], "texture": "#0"},
				"west": {"uv": [8.33333, 10.66667, 10.33333, 11], "texture": "#0"},
				"up": {"uv": [8.33333, 8.33333, 10.33333, 10.33333], "texture": "#0"},
				"down": {"uv": [8.33333, 8.33333, 10.33333, 10.33333], "texture": "#0"}
			}
		}
	]
}